Code,Quantity,option_id,warehouse_id,project_id,opening_stock,cost,expiry,serial
LD-808P,10,,1,2,1,,,
LD-808W,10,,1,2,1,,,
LD-808R,10,,1,2,1,,,
LD-808Y,10,,1,2,1,,,
LD-742Br,10,,1,2,1,,,
LD-742Y,10,,1,2,1,,,
LD-742Pu,10,,1,2,1,,,
LD-742Bl,10,,1,2,1,,,
LD-742R,10,,1,2,1,,,
LD-742W,10,,1,2,1,,,
LD-902W,10,,1,2,1,,,
LD-902B,10,,1,2,1,,,
LD-653Bl,10,,1,2,1,,,
LD-653B,10,,1,2,1,,,
LD-653P,10,,1,2,1,,,
LD-653R,10,,1,2,1,,,
LD-889R,10,,1,2,1,,,
LD-889Bl,10,,1,2,1,,,
LD-889W,10,,1,2,1,,,
LD-889B,10,,1,2,1,,,
LD-100Bl,10,,1,2,1,,,
LD-100B,10,,1,2,1,,,
